Unnamed: 0.2,Unnamed: 0.1,Unnamed: 0,paper_id,title,citation_count,author_names,author_ids,orignal_paper_id,author_count,unique_author_ids
0,0,9593,30b86960827597ab5509c575450953959dad1b54,Hierarchical Information Clustering by Means of Topologically Embedded Graphs,3549,"['Won-Min Song', 'T. D. Matteo', 'T. Aste']","['2288898018', '8903071', '2240098648']",2a005868b79511cf8c924cd5990e2497527a0527,3,True
1,1,9290,7fb27e0123ca907b55b8ef57afa1612731eba034,Defining and evaluating network communities based on ground-truth,2024,"['Jaewon Yang', 'J. Leskovec']","['32073252', '1702139']",2a005868b79511cf8c924cd5990e2497527a0527,2,True
2,2,6256,464aa76bf0affe892b046dcdfad42a344b750fa0,Community detection in networks: A user guide,1658,"['S. Fortunato', 'Darko Hric']","['2390078', '3334430']",2a005868b79511cf8c924cd5990e2497527a0527,2,True
3,5,9480,0b7a6c13d935aa79cd12b174725680be1a25883b,Networks formed from interdependent networks,978,"['Jianxi Gao', 'S. Buldyrev', 'H. Stanley', 'S. Havlin']","['2249889430', '2850031', '40191926', '2713727']",2a005868b79511cf8c924cd5990e2497527a0527,4,True
5,7,6305,f1681a359b623f69aecfc0270238b8200cc375e3,Vital nodes identification in complex networks,960,"['Linyuan Lu', 'Duanbing Chen', 'Xiaolong Ren', 'Qian-Ming Zhang', 'Yi-Cheng Zhang', 'Tao Zhou']","['34419615', '145838630', '2400681', '2267331369', '145140737', '3006776']",2a005868b79511cf8c924cd5990e2497527a0527,6,True
6,8,8856,d2eba33fa43e040158ce7aee9f0430b1224fb7ea,Overlapping community detection at scale: a nonnegative matrix factorization approach,858,"['Jaewon Yang', 'J. Leskovec']","['32073252', '1702139']",2a005868b79511cf8c924cd5990e2497527a0527,2,True
7,9,8297,d1bd08e6a77340b54dfe93442be3a74867380a37,Community Detection in Networks with Node Attributes,806,"['Jaewon Yang', 'Julian McAuley', 'J. Leskovec']","['35660011', '32073252', '1702139']",2a005868b79511cf8c924cd5990e2497527a0527,3,True
8,12,6169,3a8c034d112bce3499cbdcf64dab710d4cbc0df3,Statistical physics of vaccination,779,"['Zhen Wang', 'C. Bauch', 'S. Bhattacharyya', 'A. d’Onofrio', 'P. Manfredi', 'M. Perc', 'N. Perra', 'M. Salathé', 'Dawei Zhao']","['1826736', '73774143', '2118453203', '145045917', '1400712874', '144927645', '27218619', '2736592', '3046313']",2a005868b79511cf8c924cd5990e2497527a0527,9,True
9,14,9044,687370b408ceaaf5906fe1bb1ed58f99a38659e8,Structure and dynamics of molecular networks: A novel paradigm of drug discovery. A comprehensive review,769,"['P. Csermely', 'T. Korcsmáros', 'Huba J. M. Kiss', 'G. London', 'R. Nussinov']","['2961601', '2225307', '2040654', '1805230', '49941003']",2a005868b79511cf8c924cd5990e2497527a0527,5,True
11,17,9377,7999b1b449fe6c9e2dcec0d05b6433407ec9aa9c,Consensus clustering in complex networks,736,"['Andrea Lancichinetti', 'S. Fortunato']","['3334430', '2254625']",2a005868b79511cf8c924cd5990e2497527a0527,2,True
12,18,9479,aeb923944b70ae924718dc3ac48aeaef7f68f5ad,"Communities, modules and large-scale structure in networks",732,['M. Newman'],['152618356'],2a005868b79511cf8c924cd5990e2497527a0527,1,True
13,19,6810,3d09e69708be9b748cf7bc1b3b59f48ab4b7e4ed,The Kuramoto model in complex networks,717,"['F. Rodrigues', 'Thomas K. D. M. Peron', 'Peng Ji', 'J. Kurths']","['143842718', '50065500', '2224467', '144870536']",2a005868b79511cf8c924cd5990e2497527a0527,4,True
14,20,9991,4e108f9eefc36525e121c236234d9658c7aa9bbe,Social Structure of Facebook Networks,706,"['Amanda L. Traud', 'P. Mucha', 'M. Porter']","['2427212', '2554498', '1794748']",2a005868b79511cf8c924cd5990e2497527a0527,3,True
16,27,7913,b95757b5e73506d571a3dcf7bacbe14be1f5d5e4,Human symptoms–disease network,510,"['Xuezhong Zhou', 'Jörg Menche', 'A. Barabási', 'Amitabh Sharma']","['1745069', '48954976', '3315164', '4363150']",2a005868b79511cf8c924cd5990e2497527a0527,4,True
17,30,9783,d4d9eb25acc7d62c02c83f2cea3fb2af3e388dd4,Limits of modularity maximization in community detection,423,"['Andrea Lancichinetti', 'S. Fortunato']","['3334430', '2254625']",2a005868b79511cf8c924cd5990e2497527a0527,2,True
20,36,9907,6dcaa7ab6b44b85a88407954556f1723d6004fea,An efficient and principled method for detecting communities in networks,382,"['B. Ball', 'B. Karrer', 'M. Newman']","['2056841242', '152618356', '2796576']",2a005868b79511cf8c924cd5990e2497527a0527,3,True
21,41,7485,d33e6a8c2a7b32a918a097e24b6765a636fa4dff,Percolation transition in dynamical traffic network with evolving critical bottlenecks,356,"['Daqing Li', 'Bowen Fu', 'Yunpeng Wang', 'G. Lu', 'Y. Berezin', 'H. Stanley', 'S. Havlin']","['47903840', '2055123', '2249891404', '11549943', '2075409603', '40191926', '31459383']",2a005868b79511cf8c924cd5990e2497527a0527,7,True
22,43,9421,076c1e125ac54cc03b7d964ccc318db53c59ff1c,Core-Periphery Structure in Networks,353,"['M. P. Rombach', 'M. Porter', 'J. Fowler', 'P. Mucha']","['2554498', '38247697', '1794748', '2016371']",2a005868b79511cf8c924cd5990e2497527a0527,4,True
23,44,7239,c34100e8284c6bdf053155d0d346fb756c761355,Defining and identifying Sleeping Beauties in science,348,"['Qing Ke', 'Emilio Ferrara', 'F. Radicchi', 'A. Flammini']","['1769960', '48898287', '2066160611', '1730465']",2a005868b79511cf8c924cd5990e2497527a0527,4,True
25,47,8390,41ae5e5860ab27e95e9a8e9dd2dabc5a4815b6f0,Hierarchical block structures and high-resolution model selection in large networks,342,['Tiago P. Peixoto'],['2101664'],2a005868b79511cf8c924cd5990e2497527a0527,1,True
26,50,8686,bbabb49bf3f8a35fb404f0a95cbea85241d83d3c,Memory in network flows and its effects on spreading dynamics and community detection,336,"['M. Rosvall', 'A. Esquivel', 'Andrea Lancichinetti', 'Jevin D. West', 'R. Lambiotte']","['2002036', '2254625', '1706831', '38906978', '2495196']",2a005868b79511cf8c924cd5990e2497527a0527,5,True
27,51,9996,3bf478c46f742428f4e74cacdaddf77e42cd6fde,A small world of weak ties provides optimal global integration of self-similar modules in functional brain networks,336,"['L. Gallos', 'H. Makse', 'M. Sigman']","['2100043776', '1976281', '2337765']",2a005868b79511cf8c924cd5990e2497527a0527,3,True
29,57,8145,1753c2dc85cc40e0a2e8b4a405c1690eab066d8d,FENNEL: streaming graph partitioning for massive scale graphs,322,"['Charalampos E. Tsourakakis', 'C. Gkantsidis', 'B. Radunovic', 'M. Vojnović']","['2903620', '1782150', '2023899', '2757057']",2a005868b79511cf8c924cd5990e2497527a0527,4,True
30,58,5198,b6b4fa41b870b32bc6634bebb4b22777e33a4ebe,"Complex Networks: Principles, Methods and Applications",315,"['V. Latora', 'V. Nicosia', 'G. Russo']","['145724348', '1795135', '40350624']",2a005868b79511cf8c924cd5990e2497527a0527,3,True
31,59,7340,ac4cd45817025cd41872b494d59d39f0f0bd5562,A DIseAse MOdule Detection (DIAMOnD) Algorithm Derived from a Systematic Analysis of Connectivity Patterns of Disease Proteins in the Human Interactome,312,"['S. Ghiassian', 'Jörg Menche', 'A. Barabási']","['1745069', '3315164', '5729195']",2a005868b79511cf8c924cd5990e2497527a0527,3,True
32,61,9724,85701336890b11947d0c97f18c5682d8112fd17e,Generalized Louvain method for community detection in large networks,301,"['P. D. Meo', 'Emilio Ferrara', 'G. Fiumara', 'A. Provetti']","['1785816', '48898287', '1709372', '1777572']",2a005868b79511cf8c924cd5990e2497527a0527,4,True
33,64,8465,232edced63eb01545cdad3aae37021ad8e9f949a,Universality in network dynamics,296,"['B. Barzel', 'A. Barabási']","['1745069', '2073362']",2a005868b79511cf8c924cd5990e2497527a0527,2,True
34,66,5128,4d5f4879ad3778ba4d62c69887d5be7076fc594a,The science of science: from the perspective of complex systems,288,"['A. Zeng', 'Zhesi Shen', 'Jianlin Zhou', 'Jinshan Wu', 'Ying Fan', 'Yougui Wang', 'H. Stanley']","['3750883', '2115725204', '144986891', '145818584', '2109246428', '3331020', '2249889430']",2a005868b79511cf8c924cd5990e2497527a0527,7,True
35,67,8930,ab50e6f82dc5029a256800a46b4f61eb4d65f7f0,Community-Affiliation Graph Model for Overlapping Network Community Detection,282,"['Jaewon Yang', 'J. Leskovec']","['32073252', '1702139']",2a005868b79511cf8c924cd5990e2497527a0527,2,True
36,68,5803,e4736a1826d6574068aa0a225a5a31f5311c1954,Understanding Tissue-Specific Gene Regulation,281,"['Abhijeet R. Sonawane', 'John Platig', 'M. Fagny', 'Cho-Yi Chen', 'J. Paulson', 'C. Lopes-Ramos', 'D. Demeo', 'John Quackenbush', 'K. Glass', 'M. Kuijjer']","['1681524', '40392857', '6776217', '144101458', '49895565', '1940671', '3243384', '1401280657', '31718571', '1953574']",2a005868b79511cf8c924cd5990e2497527a0527,10,True
37,69,9325,b6ef0685afefc9fc0f70d6ee8191e61252177a34,Graph spectra and the detectability of community structure in networks,274,"['R. Nadakuditi', 'M. Newman']","['152618356', '1747154']",2a005868b79511cf8c924cd5990e2497527a0527,2,True
38,72,9713,c5a3889e8c5e91ac09c3ca06ae603772613ee828,It's who you know: graph mining using recursive structural features,262,"['Keith W. Henderson', 'Brian Gallagher', 'Lei Li', 'L. Akoglu', 'Tina Eliassi-Rad', 'Hanghang Tong', 'C. Faloutsos']","['8163721', '152223760', '1702392', '1397398770', '153701431', '143900005', '3255268']",2a005868b79511cf8c924cd5990e2497527a0527,7,True
39,74,7381,0d310219d7816b9d40e66fed447906573ba7c7ee,Spectrum of controlling and observing complex networks,256,"['Gang Yan', 'G. Tsekenis', 'B. Barzel', 'J. Slotine', 'Yang-Yu Liu', 'A. Barabási']","['1740591', '1745069', '47431006', '2130185771', '2073362', '50148140']",2a005868b79511cf8c924cd5990e2497527a0527,6,True
41,84,5257,68084a5db300e0fccbe7370247d021c0f767a6de,Information cascades in complex networks,225,"['M. Jalili', 'M. Perc']","['73774143', '145483397']",2a005868b79511cf8c924cd5990e2497527a0527,2,True
42,85,8106,119e38c79ea1f05481624f0ad2cd8ecf3e90282e,Measuring and modelling correlations in multiplex networks,224,"['V. Nicosia', 'V. Latora']","['145724348', '1795135']",2a005868b79511cf8c924cd5990e2497527a0527,2,True
43,89,9424,659c51dbd93d870ea120a2fc227c2f08bd2c6d7a,The life and death of online groups: predicting group growth and longevity,217,"['S. Kairam', 'Dan J. Wang', 'J. Leskovec']","['2572092', '40562854', '1702139']",2a005868b79511cf8c924cd5990e2497527a0527,3,True
44,97,8220,d96256e64c1052a096faabb6880d9a79fd01f3b7,Optimal network clustering for information diffusion,196,"['Azadeh Nematzadeh', 'Emilio Ferrara', 'A. Flammini', 'Yong-Yeol Ahn']","['48898287', '2477784', '36663090', '1769960']",2a005868b79511cf8c924cd5990e2497527a0527,4,True
45,99,8912,42557eb9c3a5b10c5cfb39d9113621f17fec9cf9,Parsimonious module inference in large networks.,193,['Tiago P. Peixoto'],['2101664'],2a005868b79511cf8c924cd5990e2497527a0527,1,True
46,101,7797,26573dc9627968ebdf8d531e18d029faa385e2b1,Identifying modular flows on multilayer networks reveals highly overlapping organization in social systems,191,"['M. Domenico', 'Andrea Lancichinetti', 'A. Arenas', 'M. Rosvall']","['8311574', '2002036', '116787621', '2254625']",2a005868b79511cf8c924cd5990e2497527a0527,4,True
47,103,5369,e00b3707885b94647619d66147dda40363fd090e,The shape of collaborations,189,"['Alice Patania', 'G. Petri', 'F. Vaccarino']","['118400138', '46298112', '6042194']",2a005868b79511cf8c924cd5990e2497527a0527,3,True
48,104,4391,5c54cc62ba69c63763b65c622a9512b338112b6f,Mitigating head motion artifact in functional connectivity MRI,189,"['R. Ciric', 'Adon F. G. Rosen', 'G. Erus', 'M. Cieslak', 'A. Adebimpe', 'P. Cook', 'D. Bassett', 'C. Davatzikos', 'D. Wolf', 'T. Satterthwaite']","['34259665', '6949460', '5314949', '35730504', '2264281', '2213003', '1740714', '3279805', '3355119', '33506831']",2a005868b79511cf8c924cd5990e2497527a0527,10,True
49,107,6546,9b9fcf23d27419f2a5f5c3c20fc606a4ae2f4753,Principles and Overview of Sampling Methods for Modeling Macromolecular Structure and Dynamics,186,"['T. Maximova', 'Ryan Moffatt', 'B. Ma', 'R. Nussinov', 'Amarda Shehu']","['1741056', '50107984', '2099704', '1805230', '145523484']",2a005868b79511cf8c924cd5990e2497527a0527,5,True
50,108,8562,8db56c2d1437485bee57cf733d5021a2251f7680,Spectral methods for network community detection and graph partitioning,184,['M. Newman'],['152618356'],2a005868b79511cf8c924cd5990e2497527a0527,1,True
51,110,9762,50826cc772247f79872a54e62e1ed476bfb20e1b,Ranking stability and super-stable nodes in complex networks.,182,"['Gourab Ghoshal', 'A. Barabási']","['1745069', '2408791']",2a005868b79511cf8c924cd5990e2497527a0527,2,True
52,115,7861,a34f8d05e44966a5fa2a8bdcf553d3533f1851d8,Reconstructing propagation networks with natural diversity and identifying hidden sources,177,"['Zhesi Shen', 'Wen-Xu Wang', 'Ying Fan', 'Z. Di', 'Y. Lai']","['3750883', '144769611', '1726681', '3331020', '2144327954']",2a005868b79511cf8c924cd5990e2497527a0527,5,True
53,118,7486,5efb2cd71f9161aff8bf94543d23f697c6055878,"Community Detection in Temporal Multilayer Networks, with an Application to Correlation Networks",175,"['Marya Bazzi', 'M. Porter', 'Stacy Williams', 'M. McDonald', 'Daniel J. Fenn', 'S. Howison']","['2554498', '144692215', '153190741', '2358282', '3058607', '22390456']",2a005868b79511cf8c924cd5990e2497527a0527,6,True
54,119,6423,8f829429b0e31cf0b21315d7a3e71998f2ce29fa,Analysis of Network Clustering Algorithms and Cluster Quality Metrics at Scale,175,"['Scott Emmons', 'S. Kobourov', 'Mike Gallant', 'K. Börner']","['2066663671', '1700149', '2061455874', '9374807']",2a005868b79511cf8c924cd5990e2497527a0527,4,True
55,120,9718,d8ad1e906c34a403e6507ace9427bc2bcd53d734,A Network Analysis of Countries’ Export Flows: Firm Grounds for the Building Blocks of the Economy,172,"['G. Caldarelli', 'M. Cristelli', 'A. Gabrielli', 'L. Pietronero', 'Antonio Scala', 'A. Tacchella']","['32737144', '1801346', '152654661', '1712423', '143604617', '35094795']",2a005868b79511cf8c924cd5990e2497527a0527,6,True
56,122,5574,e8858c9f746239812b1512356ee9478158b9118a,Bayesian Stochastic Blockmodeling,170,['Tiago P. Peixoto'],['2101664'],2a005868b79511cf8c924cd5990e2497527a0527,1,True
58,127,6482,4a2d8bee8626dc9f32c60999c34b0e62b932c807,Combining complex networks and data mining: why and how,163,"['M. Zanin', 'D. Papo', 'Pedro A. C. Sousa', 'Ernestina Menasalvas Ruiz', 'A. Nicchi', 'E. Kubik', 'S. Boccaletti']","['10222217', '2857771', '1800889', '1681095', '1928935', '10237751', '2111707474']",2a005868b79511cf8c924cd5990e2497527a0527,7,True
59,135,4783,90dcd1bbc08f15588c6b0dd00e7fc8da1eb2ec28,Fundamentals of spreading processes in single and multilayer complex networks,157,"['G. F. de Arruda', 'F. Rodrigues', 'Y. Moreno']","['143634219', '117885595', '2224467']",2a005868b79511cf8c924cd5990e2497527a0527,3,True
60,139,8050,ece3415624786dca6574ef84a75f40b3d86c03b8,Detecting criminal organizations in mobile phone networks,155,"['Emilio Ferrara', 'P. D. Meo', 'Salvatore Catanese', 'G. Fiumara']","['48898287', '1709372', '1777572', '3354636']",2a005868b79511cf8c924cd5990e2497527a0527,4,True
61,147,6059,94199706aedae154c9961ea6438739afa39e02d9,Nonparametric Bayesian inference of the microcanonical stochastic block model.,150,['Tiago P. Peixoto'],['2101664'],2a005868b79511cf8c924cd5990e2497527a0527,1,True
62,151,9690,00ec0923a12e6ee12591ab8c1ce941b540e419a8,Tag-Aware Recommender Systems: A State-of-the-Art Survey,149,"['Zi-Ke Zhang', 'Tao Zhou', 'Yi-Cheng Zhang']","['2267331369', '2116461669', '145140737']",2a005868b79511cf8c924cd5990e2497527a0527,3,True
63,156,7605,090f394df0cf051c78907aaaaa8bca9bd2e5d29d,Overlapping Communities Explain Core–Periphery Organization of Networks,147,"['Jaewon Yang', 'J. Leskovec']","['32073252', '1702139']",2a005868b79511cf8c924cd5990e2497527a0527,2,True
64,158,6357,4a8cd5b5d6bbffad273b5403851facca4e7b65a0,Scalable Motif-aware Graph Clustering,144,"['Charalampos E. Tsourakakis', 'J. Pachocki', 'M. Mitzenmacher']","['2023899', '1745699', '2713380']",2a005868b79511cf8c924cd5990e2497527a0527,3,True
65,163,9493,14815c67e4d215acf9558950e2762759229fe277,Beyond 'Caveman Communities': Hubs and Spokes for Graph Compression and Mining,141,"['U. Kang', 'C. Faloutsos']","['1702392', '23987228']",2a005868b79511cf8c924cd5990e2497527a0527,2,True
66,165,7547,1a4edf228e648b54fab3f25df82817cfd0a5bb42,SlashBurn: Graph Compression and Mining beyond Caveman Communities,141,"['Yongsub Lim', 'U. Kang', 'C. Faloutsos']","['1702392', '1679091', '23987228']",2a005868b79511cf8c924cd5990e2497527a0527,3,True
67,168,9365,2df80b670fd64989c898e04cdb538ec0f7097f2e,The Impact of Imitation on Vaccination Behavior in Social Contact Networks,140,"['M. Mbah', 'J. Liu', 'C. Bauch', 'Yonas I. Tekel', 'J. Medlock', 'L. Meyers', 'A. Galvani']","['2767593', '48211835', '2703444', '3104294', '2736592', '2982365', '2026318']",2a005868b79511cf8c924cd5990e2497527a0527,7,True
68,172,9644,0ada047aad7032013068f067eda944c032202426,Cascaded failures in weighted networks.,139,"['Baharan Mirzasoleiman', 'Mahmoudreza Babaei', 'M. Jalili', 'M. Safari']","['2129935', '145483397', '2389094', '1818176']",2a005868b79511cf8c924cd5990e2497527a0527,4,True
70,177,5364,3ca3068d1c4ca7aa3c3adf8669802c3a1b747e57,Network analysis of particles and grains,136,"['Lia Papadopoulos', 'M. Porter', 'K. Daniels', 'D. Bassett']","['2264281', '2554498', '3096442', '49362968']",2a005868b79511cf8c924cd5990e2497527a0527,4,True
71,179,8807,8e696c74e7c02070cb2862578f3ab201c6e679aa,Mixing local and global information for community detection in large networks,135,"['P. D. Meo', 'Emilio Ferrara', 'G. Fiumara', 'A. Provetti']","['1785816', '48898287', '1709372', '1777572']",2a005868b79511cf8c924cd5990e2497527a0527,4,True
72,180,6626,2d36c15c0c391be4e687de2330bd905badb5a92b,Establishing a link between sex-related differences in the structural connectome and behaviour,135,"['B. Tunç', 'Berkan Solmaz', 'D. Parker', 'T. Satterthwaite', 'M. Elliott', 'M. Calkins', 'K. Ruparel', 'R. Gur', 'R. Gur', 'R. Verma']","['144762538', '1837911', '39821158', '2406788', '145457626', '1761626', '2827750', '2023951', '2213003', '50127100']",2a005868b79511cf8c924cd5990e2497527a0527,10,True
73,187,3917,6ff59b3ebc567d507ff27b3ce685c201373328dd,Network Medicine in the Age of Biomedical Big Data,129,"['Abhijeet R. Sonawane', 'S. Weiss', 'Kimberly Glass', 'Amitabh Sharma']","['48954976', '2169681262', '144157502', '40392857']",2a005868b79511cf8c924cd5990e2497527a0527,4,True
74,189,9527,c1bea7d028c68212554b163f90d5d78065b2e6f1,Non-Negative Residual Matrix Factorization with Application to Graph Anomaly Detection,129,"['Hanghang Tong', 'Ching-Yung Lin']","['1689953', '8163721']",2a005868b79511cf8c924cd5990e2497527a0527,2,True
75,190,6447,81bf82198d038a6c46fa2ff94e6de276b3f39b8a,Estimating the number of communities in a network,128,"['M. Newman', 'G. Reinert']","['2666765', '152618356']",2a005868b79511cf8c924cd5990e2497527a0527,2,True
76,195,9273,62ef12c36364ab8eaa740ec64d89dbfa1a282c03,A Novel Measure of Edge Centrality in Social Networks,126,"['P. D. Meo', 'Emilio Ferrara', 'G. Fiumara', 'A. Ricciardello']","['48898287', '1709372', '1777572', '2266798']",2a005868b79511cf8c924cd5990e2497527a0527,4,True
77,201,4950,eeabd28948cd27434cce67e2fdb9d0aa43812f00,"Power laws, Pareto distributions and Zipf's law",5361,['M. Newman'],['152618356'],525199d30a5a975fb32e7944924c82b584fea1d0,1,True
78,203,4916,db04bb965705706a844c7ac496f79a25842408e8,Complex networks: Structure and dynamics,5058,"['S. Boccaletti', 'V. Latora', 'Y. Moreno', 'M. Chavez', 'D. Hwang']","['49222971', '120601756', '1795135', '143634219', '1928935']",525199d30a5a975fb32e7944924c82b584fea1d0,5,True
79,204,5185,8886371eeec632b29b445975a18be21b46a8f8f8,Epidemic spreading in scale-free networks.,5038,"['R. Pastor-Satorras', 'Alessandro Vespignani']","['1690690', '1397426946']",525199d30a5a975fb32e7944924c82b584fea1d0,2,True
80,205,5186,d1c5900f63f06a17d9f549f0a44037b758499bc8,The large-scale organization of metabolic networks,4852,"['Hawoong Jeong', 'B. Tombor', 'Réka Albert', 'Z. Oltvai', 'A. Barabási']","['2243296556', '1745069', '2248117458', '3778454', '1771506']",525199d30a5a975fb32e7944924c82b584fea1d0,5,True
81,206,5153,532d364b0ab407c349388a36832b226bb0ea33d5,Assortative mixing in networks.,4454,"['M. Newman', 'M. Newman']",['152618356'],525199d30a5a975fb32e7944924c82b584fea1d0,2,False
82,207,5149,a33bbacc55b69adf894bbb1b423b9b4c5b031ae0,Hierarchical Organization of Modularity in Metabolic Networks,3999,"['E. Ravasz', 'A. Somera', 'D. A. Mongru', 'Z. Oltvai', 'A. Barabási']","['1745069', '3629571', '3890852', '1771506', '2082058624']",525199d30a5a975fb32e7944924c82b584fea1d0,5,True
83,208,5095,4665f10ba0006df8d4fec85e368bcc503d57ce44,The architecture of complex weighted networks.,3558,"['A. Barrat', 'M. Barthelemy', 'R. Pastor-Satorras', 'Alessandro Vespignani']","['1690690', '47837753', '8977167', '1397426946']",525199d30a5a975fb32e7944924c82b584fea1d0,4,True
84,209,4486,84e27641ed70c5f62d215c6f7e474a238bdca0ee,Catastrophic cascade of failures in interdependent networks,3536,"['S. Havlin', 'N. Araújo', 'S. Buldyrev', 'C. Dias', 'Roni Parshani', 'G. Paul', 'H. Stanley']","['145709797', '2249891404', '1978469', '2458251', '2850031', '40191926', '144370317']",525199d30a5a975fb32e7944924c82b584fea1d0,7,True
85,211,5174,0c328305157932a3560fb202a77f155c359a8620,Evolution of networks,3211,"['S. Dorogovtsev', 'J. Mendes']","['2483701', '145823055']",525199d30a5a975fb32e7944924c82b584fea1d0,2,True
86,212,5190,61be22241a09b72c0a1a6d928f2c08aa839ec3f7,Classes of small-world networks.,2995,"['L. A. Amaral', 'Antonio Scala', 'M. Barthelemy', 'H. Stanley']","['2249891404', '47837753', '143604617', '31963450']",525199d30a5a975fb32e7944924c82b584fea1d0,4,True
87,213,4199,3b62c331be63a928278282418de40f63ba9b0e48,Controllability of complex networks,2795,"['Yang-Yu Liu', 'J. Slotine', 'A. Barabási']","['1740591', '2130185771', '1745069']",525199d30a5a975fb32e7944924c82b584fea1d0,3,True
88,215,3458,4a8ac5b3046ae990c8f6ab4244476a3ab25d8211,Epidemic processes in complex networks,2765,"['R. Pastor-Satorras', 'C. Castellano', 'P. Mieghem', 'Alessandro Vespignani']","['144461899', '1690690', '1397426946', '48604593']",525199d30a5a975fb32e7944924c82b584fea1d0,4,True
89,216,4910,29752f2f4a40df45a6eb61afb7c347f1799b1f45,Graph evolution: Densification and shrinking diameters,2570,"['J. Leskovec', 'J. Kleinberg', 'C. Faloutsos']","['1702392', '3371403', '1702139']",525199d30a5a975fb32e7944924c82b584fea1d0,3,True
90,218,5096,007f3290e1b5e3061a8b7089037ee775efc47b83,The link prediction problem for social networks,2360,"['David Liben-Nowell', 'Jon M. Kleinberg']","['2266249349', '1397896615']",525199d30a5a975fb32e7944924c82b584fea1d0,2,True
91,220,3912,0ff9c0c8426fe8508f8356dfd4af3bfc6fde76c8,A 61-million-person experiment in social influence and political mobilization,2178,"['Robert M. Bond', 'Christopher J. Fariss', 'Jason Jeffrey Jones', 'Adam D. I. Kramer', 'Cameron A. Marlow', 'Jaime E. Settle', 'J. Fowler']","['15280578', '2565792', '144817346', '50667617', '38868445', '2016371', '1845400']",525199d30a5a975fb32e7944924c82b584fea1d0,7,True
92,222,4601,a1959624b143dc067898a1cda20b80307a963ac4,Community Structure in Large Networks: Natural Cluster Sizes and the Absence of Large Well-Defined Clusters,1876,"['J. Leskovec', 'Kevin J. Lang', 'Anirban Dasgupta', 'Michael W. Mahoney']","['143884206', '49464494', '30654921', '1702139']",525199d30a5a975fb32e7944924c82b584fea1d0,4,True
93,223,4857,610768ea6ceb38a462c26604af68ea9231a9b0ce,Structure and tie strengths in mobile communication networks,1858,"['J. Onnela', 'J. Saramäki', 'J. Hyvönen', 'G. Szabó', 'D. Lazer', 'K. Kaski', 'János Kertész', 'A. Barabási']","['2155367', '1745069', '145667886', '2130858', '3185333', '2207387183', '145670814', '2064567304']",525199d30a5a975fb32e7944924c82b584fea1d0,8,True
94,225,5152,8b9f29e91095da4a59a0db93359018e9a8aa9dd4,Hierarchical organization in complex networks.,1822,"['E. Ravasz', 'A. Barabási']","['1745069', '3629571']",525199d30a5a975fb32e7944924c82b584fea1d0,2,True
95,227,4733,7b12113494cb5c6d5fa092c5e614fd4e5f5be606,"I tube, you tube, everybody tubes: analyzing the world's largest user generated content video system",1711,"['M. Cha', 'Haewoon Kwak', 'P. Rodriguez', 'Yong-Yeol Ahn', 'S. Moon']","['33772810', '2592694', '36663090', '1775511', '144594997']",525199d30a5a975fb32e7944924c82b584fea1d0,5,True
96,228,4803,a883217010e24acc557a47de5604502cca505c37,Critical phenomena in complex networks,1658,"['S. Dorogovtsev', 'A. Goltsev', 'J. Mendes']","['2483701', '3246425', '145823055']",525199d30a5a975fb32e7944924c82b584fea1d0,3,True
97,229,5178,55bca8f1a505b558d8f5605a53328e68a5c0d375,Epidemic dynamics and endemic states in complex networks.,1456,"['R. Pastor-Satorras', 'Alessandro Vespignani']","['1690690', '1397426946']",525199d30a5a975fb32e7944924c82b584fea1d0,2,True
98,231,5117,ee19e0feffff5b9a97022327abb600310ae9c188,Why social networks are different from other types of networks.,1372,"['M. Newman', 'M. Newman', 'Juyong Park', 'Juyong Park']","['2215506', '152618356']",525199d30a5a975fb32e7944924c82b584fea1d0,4,False
99,234,5028,f7331752c2d0de039836dc6b7e24e4ca3bb45e7c,Error and attacktolerance of complex network s,1267,"['P. Crucitti', 'V. Latora', 'Massimo Marchiori', 'Andrea Rapisarda']","['37582967', '35830832', '1795135', '2095454405']",525199d30a5a975fb32e7944924c82b584fea1d0,4,True
100,235,4999,c2c7ef74173502f07666961dd8426ce1f36e28d3,Self-similarity of complex networks,1260,"['Chaoming Song', 'S. Havlin', 'H. Makse']","['2337765', '145609590', '40191926']",525199d30a5a975fb32e7944924c82b584fea1d0,3,True
101,236,3545,ae74522002f9093fbf63a20efb57d80ee2f4f564,Graph based anomaly detection and description: a survey,1237,"['L. Akoglu', 'Hanghang Tong', 'Danai Koutra']","['8163721', '3255268', '2479152']",525199d30a5a975fb32e7944924c82b584fea1d0,3,True
102,237,4483,4ba297a677e500bfb11711a8d0969911394d2428,Multiscale mobility networks and the spatial spreading of infectious diseases,1230,"['D. Balcan', 'V. Colizza', 'B. Gonçalves', 'Hao Hu', 'J. Ramasco', 'Alessandro Vespignani']","['2038139', '2202543826', '1690690', '1730404', '145621251', '1821014']",525199d30a5a975fb32e7944924c82b584fea1d0,6,True
103,241,5180,17356d327c5040417ce9ac8e993ca026961c17f2,Structure of growing networks with preferential linking.,1110,"['S. Dorogovtsev', 'J. Mendes', 'A. N. Samukhin']","['2483701', '145823055', '2626343']",525199d30a5a975fb32e7944924c82b584fea1d0,3,True
104,244,4194,c6b745c7ecc3fc89d0df71727e1a0f456be7187a,Brain graphs: graphical models of the human brain connectome.,1024,"['E. Bullmore', 'D. Bassett']","['2264281', '34217324']",525199d30a5a975fb32e7944924c82b584fea1d0,2,True
105,250,4064,fd109bac25e8a43c3a0c0730927c5442eba991dd,The Anatomy of the Facebook Social Graph,956,"['J. Ugander', 'B. Karrer', 'L. Backstrom', 'Cameron A. Marlow']","['144584024', '2612372', '2796576', '144817346']",525199d30a5a975fb32e7944924c82b584fea1d0,4,True
106,251,4319,ef8458353c245bbe3bcf81b055fe5313b93a9f66,Hyperbolic Geometry of Complex Networks,943,"['D. Krioukov', 'Fragkiskos Papadopoulos', 'M. Kitsak', 'Amin Vahdat', 'M. Boguñá']","['31637487', '2838790', '145778835', '35127508', '3249439']",525199d30a5a975fb32e7944924c82b584fea1d0,5,True
107,253,4951,fea26e04d89a7537d5d067f8dcb118b1937d60da,Geographic routing in social networks,877,"['David Liben-Nowell', 'Jasmine Novak', 'Ravi Kumar', 'P. Raghavan', 'Andrew Tomkins']","['2109227352', '1397896615', '145503401', '37270737', '144584354']",525199d30a5a975fb32e7944924c82b584fea1d0,5,True
108,255,4917,c65312eefd3a002029990cd22c3efc0b54325af1,Detecting rich-club ordering in complex networks,846,"['V. Colizza', 'A. Flammini', 'M. Serrano', 'Alessandro Vespignani']","['1690690', '1730404', '1769960', '102314165']",525199d30a5a975fb32e7944924c82b584fea1d0,4,True
109,258,4625,1558a06fb4f0473f76792e830b0b07c79f7decc0,Microscopic evolution of social networks,805,"['J. Leskovec', 'L. Backstrom', 'Ravi Kumar', 'A. Tomkins']","['49365095', '2612372', '1683442', '1702139']",525199d30a5a975fb32e7944924c82b584fea1d0,4,True
110,261,4675,233084c0d1c818c842be6a9bb50f5dd2d1d1682f,Statistical properties of community structure in large social and information networks,779,"['J. Leskovec', 'Kevin J. Lang', 'Anirban Dasgupta', 'Michael W. Mahoney']","['2246056390', '2285170306', '2285189072', '1702139']",525199d30a5a975fb32e7944924c82b584fea1d0,4,True
111,262,4214,432c131f7017a2abe2743a08c4d95e50586e2a82,Mitigation of malicious attacks on networks,773,"['C. Schneider', 'A. Moreira', 'J. S. Andrade', 'S. Havlin', 'H. Herrmann']","['145861884', '145249172', '27202900', '40191926', '152925612']",525199d30a5a975fb32e7944924c82b584fea1d0,5,True
112,264,5002,c936251bf543ac483b18d694f9c05a8a7ada15c5,A tool for filtering information in complex systems.,751,"['M. Tumminello', 'T. Aste', 'T. Matteo', 'R. Mantegna']","['2386721', '3209409', '8903071', '2622687']",525199d30a5a975fb32e7944924c82b584fea1d0,4,True
113,265,5183,92aecb131988306bd089edd3950969bfcf0299dc,Models of the Small World,718,['M. Newman'],['152618356'],525199d30a5a975fb32e7944924c82b584fea1d0,1,True
114,266,4889,19abcb3707e049bbbb88889319fec701c8d5a7d8,"Graph mining: Laws, generators, and algorithms",708,"['Deepayan Chakrabarti', 'C. Faloutsos']","['1702392', '143856744']",525199d30a5a975fb32e7944924c82b584fea1d0,2,True
115,268,4920,1d8d8f11c8992147f4663c0b561f0a6976700910,A model of Internet topology using k-shell decomposition,700,"['S. Carmi', 'S. Havlin', 'Scott Kirkpatrick', 'Y. Shavitt', 'Eran Shir']","['2765857', '2073327751', '2006382', '1818721', '40191926']",525199d30a5a975fb32e7944924c82b584fea1d0,5,True
116,269,5442,eb0e7a9691c05aa2eb1e235d3fac1cc13a79c5b7,Epidemic thresholds in real networks,691,"['Deepayan Chakrabarti', 'Yang Wang', 'Chenxi Wang', 'J. Leskovec', 'C. Faloutsos']","['1702392', '2155653113', '143856744', '1702139', '2109436218']",525199d30a5a975fb32e7944924c82b584fea1d0,5,True
117,271,5172,31ab07c00e979e6c38a5faf5ca29c3399ead9613,Modeling the Internet's large-scale topology,680,"['S. Yook', 'Hawoong Jeong', 'A. Barabási']","['2136396863', '1745069', '2072879']",525199d30a5a975fb32e7944924c82b584fea1d0,3,True
118,272,4771,ca434e04e77de93f6a1fdde7325fbe209aefc5fb,When individual behaviour matters: homogeneous and network models in epidemiology,663,"['S. Bansal', 'B. Grenfell', 'L. Meyers']","['2275517', '49114067', '2703444']",525199d30a5a975fb32e7944924c82b584fea1d0,3,True
119,273,5100,7f0b43701dd32bbf821ef0cd9663f8fc841abe35,Betweenness centrality in large complex networks,655,['M. Barthelemy'],['47837753'],525199d30a5a975fb32e7944924c82b584fea1d0,1,True
120,274,3295,31651c1eb8ceba15c6dc9127487217372cab97b8,Evolutionary games on multilayer networks: a colloquium,625,"['Zhen Wang', 'L. Wang', 'A. Szolnoki', 'M. Perc']","['2118454315', '46660076', '73774143', '1724342']",525199d30a5a975fb32e7944924c82b584fea1d0,4,True
121,276,5093,dfcf65cfde4848ce8bd19bf174f17ce2f17b8966,Velocity and hierarchical spread of epidemic outbreaks in scale-free networks.,611,"['M. Barthelemy', 'A. Barrat', 'R. Pastor-Satorras', 'Alessandro Vespignani']","['1690690', '47837753', '8977167', '1397426946']",525199d30a5a975fb32e7944924c82b584fea1d0,4,True
122,282,5033,6df8c648dfe16976aa7fe8d9fe8615772b7e110e,Generation of uncorrelated random scale-free networks.,564,"['M. Catanzaro', 'M. Boguñá', 'R. Pastor-Satorras']","['3725403', '2838790', '1397426946']",525199d30a5a975fb32e7944924c82b584fea1d0,3,True
123,283,5057,0b430953d6116fd82ab05c6304425b14d75e9aad,Statistical mechanics of networks.,562,"['Juyong Park', 'M. Newman']","['2215506', '152618356']",525199d30a5a975fb32e7944924c82b584fea1d0,2,True
124,286,3081,24272d794cc23c53652d13f770bdaf20852d23fd,The H-index of a network node and its relation to degree and coreness,509,"['Linyuan Lü', 'Tao Zhou', 'Qian-Ming Zhang', 'H. Stanley']","['2267331369', '2249891404', '3006776', '48057549']",525199d30a5a975fb32e7944924c82b584fea1d0,4,True
125,287,4357,77a1d35afb89bccc8f119a8f6431291266d2593a,Complex networks: The fragility of interdependency,495,['Alessandro Vespignani'],['1690690'],525199d30a5a975fb32e7944924c82b584fea1d0,1,True
126,289,3696,0fc67092ad5da179ffb27c5dab9101f03446ad7e,Exact controllability of complex networks,493,"['Zhengzhong Yuan', 'Chen Zhao', 'Z. Di', 'Wenxu Wang', 'Y. Lai']","['144851415', '144769611', '47825240', '1726681', '1996722']",525199d30a5a975fb32e7944924c82b584fea1d0,5,True
127,294,4641,a8c757c8c53abc1dee754420dcbf3dc765d289a0,The implications of human metabolic network topology for disease comorbidity,471,"['Dominic Tak Sing Lee', 'Juyong Park', 'Krin A. Kay', 'N. Christakis', 'Zoltn Oltvai', 'A. Barabási']","['1745069', '52314299', '2560153', '2235197795', '2215506', '31777069']",525199d30a5a975fb32e7944924c82b584fea1d0,6,True
128,297,5124,62b654f67797e16e245f5bdeb0f5a77c39938221,Properties of highly clustered networks.,445,['M. Newman'],['152618356'],525199d30a5a975fb32e7944924c82b584fea1d0,1,True
129,299,4384,748e741e661bd04caf9dfaf16949a290983b6c3a,On Pinning Synchronization of Directed and Undirected Complex Dynamical Networks,423,"['Qiang Song', 'Jinde Cao']","['40914052', '34767970']",525199d30a5a975fb32e7944924c82b584fea1d0,2,True
130,300,5171,3cc88ae75a4233f42f45277c3348354219deab1a,Modeling of Protein Interaction Networks,423,"['A. Vazquez', 'A. Flammini', 'A. Maritan', 'Alessandro Vespignani']","['3123952', '1690690', '50631189', '1769960']",525199d30a5a975fb32e7944924c82b584fea1d0,4,True
131,301,5173,353f90472ad4f3d58fa97e5bb89414bd01e5cab4,Deterministic scale-free networks,423,"['A. Barabási', 'E. Ravasz', 'Tamás Vicsek']","['2238288291', '1745069', '3629571']",525199d30a5a975fb32e7944924c82b584fea1d0,3,True
132,304,5137,96e4d56435b1a9b0afd6308d17b0a65fd5d2e23b,Topology of correlation-based minimal spanning trees in real and model markets.,410,"['G. Bonanno', 'G. Caldarelli', 'F. Lillo', 'R. Mantegna']","['47638868', '1712423', '46933023', '2622687']",525199d30a5a975fb32e7944924c82b584fea1d0,4,True
133,308,3788,82148c4561238a522a3b7d2298c1985480cbb25a,Attack Robustness and Centrality of Complex Networks,397,"['Swami Iyer', 'T. Killingback', 'B. Sundaram', 'Zhen Wang']","['102468625', '3115152', '1736207', '2118454525']",525199d30a5a975fb32e7944924c82b584fea1d0,4,True
134,310,4944,82dbac4f046d626420c238a65b121266b122378f,"Realistic, Mathematically Tractable Graph Generation and Evolution, Using Kronecker Multiplication",382,"['J. Leskovec', 'Deepayan Chakrabarti', 'J. Kleinberg', 'C. Faloutsos']","['1702392', '3371403', '143856744', '1702139']",525199d30a5a975fb32e7944924c82b584fea1d0,4,True
135,311,4526,3f2aef379ffbceaeb6a7f1c6aaff83f27572d76a,Impact of license choice on Open Source Software development activity,381,"['P. Panzarasa', 'Tore Opsahl', 'Kathleen M. Carley']","['1946739', '2876837', '1702030']",525199d30a5a975fb32e7944924c82b584fea1d0,3,True
136,312,4497,f8fda7abca9a2af1b572ead5cbb9655daa7aa4f1,On compressing social networks,371,"['Flavio Chierichetti', 'Ravi Kumar', 'Silvio Lattanzi', 'M. Mitzenmacher', 'A. Panconesi', 'P. Raghavan']","['1895843', '1773845', '1683442', '34996452', '145503401', '1745699']",525199d30a5a975fb32e7944924c82b584fea1d0,6,True
137,314,3755,3bd522db88abbd6d8456409b31d490ca7c141299,Navigability of interconnected networks under random failures,359,"['M. De Domenico', 'Albert Solé-Ribalta', 'S. Gómez', 'A. Arenas']","['46617468', '144166503', '1390131683', '116787621']",525199d30a5a975fb32e7944924c82b584fea1d0,4,True
138,315,4630,3fe063c36e66ba0e6a5020841c6e1c467d5124f9,Laws of population growth,356,"['Hernán D. Rozenfeld', 'D. Rybski', 'J. S. Andrade', 'M. Batty', 'H. Stanley', 'H. Makse']","['144182945', '145861884', '2249891404', '2337765', '31664917', '2210638']",525199d30a5a975fb32e7944924c82b584fea1d0,6,True
139,316,2190,dce4848f314d1bc4eae80ea5efd1390654a4c341,Mathematics of networks,353,['M. Newman'],['152618356'],525199d30a5a975fb32e7944924c82b584fea1d0,1,True
140,317,3721,985c93942e6b10e99e34a550eb1446ce0dbbe5e2,Do the Rich Get Richer? An Empirical Analysis of the Bitcoin Transaction Network,353,"['Dániel Kondor', 'Márton Pósfai', 'I. Csabai', 'G. Vattay']","['1682005', '2303900', '1741175', '35880803']",525199d30a5a975fb32e7944924c82b584fea1d0,4,True
141,318,3996,b2f404f24f2e8437895e959160ef20f521ef1fbd,Controlling complex networks: How much energy is needed?,352,"['Gang Yan', 'J. Ren', 'Y. Lai', 'C. Lai', 'Baowen Li']","['2072752675', '38079594', '143702207', '144769611', '1771341']",525199d30a5a975fb32e7944924c82b584fea1d0,5,True
142,319,4678,2c85f90c6f6b15474bc5b6ef46d312797dc29045,Prominence and control: the weighted rich-club effect.,351,"['Tore Opsahl', 'V. Colizza', 'P. Panzarasa', 'J. Ramasco']","['1821014', '1730404', '1946739', '2876837']",525199d30a5a975fb32e7944924c82b584fea1d0,4,True
143,321,3336,ceee653eb6e3c4b3422bf117d7839de987618988,Toward link predictability of complex networks,348,"['Linyuan Lü', 'Liming Pan', 'Tao Zhou', 'Yi-Cheng Zhang', 'H. Stanley', 'Giorgio Parisi', 'Dashun Wang']","['1490970698', '2267331369', '2249891404', '2056561085', '145140737', '47357671', '48057549']",525199d30a5a975fb32e7944924c82b584fea1d0,7,True
144,324,4006,68e5cee9e78e366b3ad52d7186d59d9cf9b22773,Simple models of human brain functional networks,320,"['P. Vértes', 'A. Alexander-Bloch', 'N. Gogtay', 'J. Giedd', 'J. Rapoport', 'E. Bullmore']","['2186346', '34217324', '29211966', '1404475828', '2649450', '1821358']",525199d30a5a975fb32e7944924c82b584fea1d0,6,True
145,325,5142,4f29dc71915bb1a4f3e7d5a31f9a7c003cf7ff21,Structure and time evolution of an Internet dating community,319,"['Petter Holme', 'Christofer R Edling', 'F. Liljeros']","['3049099', '47338102', '2312703']",525199d30a5a975fb32e7944924c82b584fea1d0,3,True
146,327,2537,e82dbe570c85e0fdc468ee78769c3657678fcb4e,Network science of biological systems at different scales: A review.,314,"['M. Gosak', 'R. Markovič', 'J. Dolenšek', 'Marjan Slak Rupnik', 'M. Marhl', 'A. Stožer', 'M. Perc']","['2811180', '40359444', '2600771', '2629879', '73774143', '7361324', '47146477']",525199d30a5a975fb32e7944924c82b584fea1d0,7,True
147,328,4760,bd120ab4e803f8cc8f78e9cd1fd548b8b6b7acd1,The Spread of Obesity in a Large Social Network Over 32 Years,314,"['N. Christakis', 'James H. Fowler']","['2241219611', '2560153']",525199d30a5a975fb32e7944924c82b584fea1d0,2,True
148,330,4262,f5be7e832a8ff1393e48d5d4949ba5a69e525480,On the Convexity of Latent Social Network Inference,301,"['Seth A. Myers', 'J. Leskovec']","['50362385', '1702139']",525199d30a5a975fb32e7944924c82b584fea1d0,2,True
149,334,3231,7d273dcd0be7502155b7a291440583b19156687d,Social network targeting to maximise population behaviour change: a cluster randomised controlled trial,293,"['David A Kim', 'Alison R Hwong', 'Derek Stafford', 'D. Hughes', 'A. O’Malley', 'James H. Fowler', 'N. Christakis']","['2250265843', '2250945809', '2250202192', '2241219611', '2560153', '153791785', '145482941']",525199d30a5a975fb32e7944924c82b584fea1d0,7,True
150,335,3753,dc0c75ad6801eda216505d492491fe15e500891e,Quantifying Long-Term Scientific Impact,289,"['Dashun Wang', 'Chaoming Song', 'A. Barabási']","['1745069', '1490970698', '145609590']",525199d30a5a975fb32e7944924c82b584fea1d0,3,True
151,341,4995,819c7be4cff4a0e7af2d73b57f650d233f1d7b4a,Determinants and consequences of sexual networks as they affect the spread of sexually transmitted infections.,276,"['Irene A. Doherty', 'N. Padian', 'Cameron A. Marlow', 'S. Aral']","['77775571', '5223478', '144817346', '6317848']",525199d30a5a975fb32e7944924c82b584fea1d0,4,True
152,342,3619,11bd4ee4993ae89dafaed935f5749df6b50f780a,Modeling and Predicting Popularity Dynamics via Reinforced Poisson Processes,273,"['Huawei Shen', 'Dashun Wang', 'Chaoming Song', 'A. Barabási']","['1745069', '1490970698', '145609590', '2476503']",525199d30a5a975fb32e7944924c82b584fea1d0,4,True
153,344,4957,3f2df739409f702b136623808806d667934ec7e6,The Structure of Interurban Traffic: A Weighted Network Analysis,261,"['A. Montis', 'M. Barthelemy', 'A. Chessa', 'Alessandro Vespignani']","['1690690', '47837753', '3063377', '3065354']",525199d30a5a975fb32e7944924c82b584fea1d0,4,True
154,347,5068,913175831e6a12b015ac9c3a87a93b0491b8a521,Self-organization of collaboration networks.,254,"['J. Ramasco', 'S. Dorogovtsev', 'S. Dorogovtsev', 'R. Pastor-Satorras']","['1821014', '1397426946', '2483701']",525199d30a5a975fb32e7944924c82b584fea1d0,4,False
155,348,3611,956ddd33d10f97be228baf11a280a05ae52070db,Localization and centrality in networks,253,"['T. Martin', 'Xiao Zhang', 'M. Newman']","['2115476702', '152618356', '2114778030']",525199d30a5a975fb32e7944924c82b584fea1d0,3,True
156,350,4786,791f5ca63c2c77b4f26e29e83467e17a1fbce1af,Scalable modeling of real graphs using Kronecker multiplication,252,"['J. Leskovec', 'C. Faloutsos']","['1702392', '1702139']",525199d30a5a975fb32e7944924c82b584fea1d0,2,True
157,352,5150,9f73efa4713d886f779b7d02e2bb03276c8d595f,The structure and function of networks,249,['M. Newman'],['152618356'],525199d30a5a975fb32e7944924c82b584fea1d0,1,True
158,355,5084,04e01d156ef3bd4a77fa4f30740744036e145561,Aggregation of topological motifs in the Escherichia coli transcriptional regulatory network,243,"['Radu Dobrin', 'Q. K. Beg', 'A. Barabási', 'Zoltán N. Oltvai']","['1745069', '1777395', '2288825015', '2246778809']",525199d30a5a975fb32e7944924c82b584fea1d0,4,True
160,357,4263,b0690a69fb028034ce91eb98fd2b4655b964b9ae,Critical effect of dependency groups on the function of networks,240,"['Roni Parshani', 'S. Buldyrev', 'S. Havlin']","['2458251', '40191926', '2850031']",525199d30a5a975fb32e7944924c82b584fea1d0,3,True
161,362,4471,99fd29ebefdaa28d1506c5f137463fcb8daede19,Scaling laws of human interaction activity,224,"['D. Rybski', 'S. Buldyrev', 'S. Havlin', 'F. Liljeros', 'H. Makse']","['2210638', '2337765', '2850031', '40191926', '2312703']",525199d30a5a975fb32e7944924c82b584fea1d0,5,True
162,363,2714,7883f63566b32a7b101e8b7b3fb73a60957f65e5,Locally noisy autonomous agents improve global human coordination in network experiments,223,"['H. Shirado', 'N. Christakis']","['1726531', '2560153']",525199d30a5a975fb32e7944924c82b584fea1d0,2,True
163,367,5132,080354882a62f9d1f4ac94c6afef2bfea277142b,Congestion and Centrality in Traffic Flow on Complex Networks,215,['Petter Holme'],['3049099'],525199d30a5a975fb32e7944924c82b584fea1d0,1,True
164,372,5112,0342b53f4b92e33d05d126373c961bfd98ecd64f,Spectra of complex networks.,205,"['S. Dorogovtsev', 'A. Goltsev', 'J. Mendes', 'A. N. Samukhin']","['2483701', '2176757459', '145823055', '2626343']",525199d30a5a975fb32e7944924c82b584fea1d0,4,True
165,374,4377,5068e44a67f9f790b65d3632861cacab14b51559,Information dynamics shape the sexual networks of Internet-mediated prostitution,202,"['Luis E C Rocha', 'F. Liljeros', 'Petter Holme']","['2218683', '3049099', '2312703']",525199d30a5a975fb32e7944924c82b584fea1d0,3,True
166,376,3522,47e1e50f46641d505c29c980d622deb4e2ad8575,Opinion dynamics on interacting networks: media competition and social influence,201,"['Walter Quattrociocchi', 'G. Caldarelli', 'Antonio Scala']","['1712423', '1728390', '143604617']",525199d30a5a975fb32e7944924c82b584fea1d0,3,True
167,382,4277,b7a515a40b8ded24434652c1780597f98aa3a6ce,Multiplicative Attribute Graph Model of Real-World Networks,193,"['Myunghwan Kim', 'J. Leskovec']","['39345585', '1702139']",525199d30a5a975fb32e7944924c82b584fea1d0,2,True
168,383,4169,3550d11b9c4cd99adb4eb0596dece2b9e6362812,Dynamical Patterns of Cattle Trade Movements,192,"['P. Bajardi', 'A. Barrat', 'F. Natale', 'L. Savini', 'V. Colizza']","['46726748', '8977167', '31590256', '1730404', '32368694']",525199d30a5a975fb32e7944924c82b584fea1d0,5,True
169,384,4885,1bab848eb92ad44a84d14ae5d33b38ea3c902a4f,Nonequilibrium dynamics of language games on complex networks.,191,"['L. Dall’Asta', 'Andrea Baronchelli', 'A. Barrat', 'V. Loreto']","['1401432951', '8977167', '144347993', '2836702']",525199d30a5a975fb32e7944924c82b584fea1d0,4,True
170,385,5022,d475bad8341f67ff9a427857a2e88f90535e6254,Triangulation and embedding using small sets of beacons,191,"['J. Kleinberg', 'Aleksandrs Slivkins', 'T. Wexler']","['2158559', '3371403', '37888921']",525199d30a5a975fb32e7944924c82b584fea1d0,3,True
171,387,4978,60ee276fcb9c1b1540cfa69023dc9e7c5e8968f0,The effects of spatial constraints on the evolution of weighted complex networks,189,"['A. Barrat', 'M. Barthelemy', 'Alessandro Vespignani']","['1690690', '47837753', '8977167']",525199d30a5a975fb32e7944924c82b584fea1d0,3,True
172,389,4689,3366482521f85812614483a2f72fac677848d7ca,Complex Cooperative Networks from Evolutionary Preferential Attachment,188,"['J. Poncela', 'J. Gómez-Gardeñes', 'L. Floría', 'Ángel Sánchez', 'Y. Moreno']","['1401290379', '145165884', '143634219', '7271177', '40360926']",525199d30a5a975fb32e7944924c82b584fea1d0,5,True
173,392,3663,b8245e1bd1f5a3ec27d548bc501522a3805c8f82,Impact of Social Punishment on Cooperative Behavior in Complex Networks,183,"['Zhen Wang', 'Cheng-yi Xia', 'S. Meloni', 'Changping Zhou', 'Y. Moreno']","['50845158', '6640191', '2844459', '143634219', '2110841383']",525199d30a5a975fb32e7944924c82b584fea1d0,5,True
174,393,4993,62d77449e500944abf9176fd21cac8aafcee9042,Studying the emerging global brain: Analyzing and visualizing the impact of co-authorship teams,181,"['K. Börner', 'L. Dall’Asta', 'W. Ke', 'Alessandro Vespignani']","['1401432951', '1690690', '5289561', '1700149']",525199d30a5a975fb32e7944924c82b584fea1d0,4,True
175,396,4008,cb12b382f5878507234d9b245bee230306f8e85f,Effect of correlations on network controllability,171,"['Márton Pósfai', 'Yang-Yu Liu', 'J. Slotine', 'A. Barabási']","['1740591', '2130185771', '35880803', '1745069']",525199d30a5a975fb32e7944924c82b584fea1d0,4,True
176,399,4156,cd7921b142e3a9a7b26080c0bb0b29dc79a7b47e,Network formation in the presence of contagious risk,168,"['L. Blume', 'D. Easley', 'J. Kleinberg', 'Robert D. Kleinberg', 'É. Tardos']","['2633757', '2216609', '1842749', '1746222', '3371403']",525199d30a5a975fb32e7944924c82b584fea1d0,5,True
177,401,6350,6c2f04066d9e6cf39b720b05dfc87900d3854227,Networks beyond pairwise interactions: structure and dynamics,863,"['F. Battiston', 'G. Cencetti', 'Iacopo Iacopini', 'V. Latora', 'M. Lucas', 'Alice Patania', 'Jean-Gabriel Young', 'G. Petri']","['153069218', '2232853', '1795135', '2332167', '50139333', '118400138', '46298112', '22186618']",d61031326150ba23f90e6587c13d99188209250e,8,True
179,406,6704,e5f2e58c649ce8ff1e1b358a1d96fe17dac40ca3,Assessing the risks of ‘infodemics’ in response to COVID-19 epidemics,405,"['R. Gallotti', 'F. Valle', 'N. Castaldo', 'P. Sacco', 'M. De Domenico']","['2557324', '2074353024', '31750406', '46617468', '3130592']",d61031326150ba23f90e6587c13d99188209250e,5,True
180,408,9118,c406cf12d565f7b0d1bdb215401d0fb5ca4829f6,Complex network approaches to nonlinear time series analysis,381,"['Y. Zou', 'R. Donner', 'N. Marwan', 'J. Donges', 'J. Kurths']","['2995629', '2437728', '3019359', '145629539', '143842718']",d61031326150ba23f90e6587c13d99188209250e,5,True
181,411,8757,e1cb7ddae92273dfb71f194e01586eb2342d847d,Exploring Randomly Wired Neural Networks for Image Recognition,339,"['Saining Xie', 'Alexander Kirillov', 'Ross B. Girshick', 'Kaiming He']","['1817030', '144843400', '39353098', '2983898']",d61031326150ba23f90e6587c13d99188209250e,4,True
182,415,9679,49c9ef9d8f59ef26fcd8da42380f4c3eab040107,The statistical physics of real-world networks,270,"['G. Cimini', 'Tiziano Squartini', 'F. Saracco', 'D. Garlaschelli', 'A. Gabrielli', 'G. Caldarelli']","['31116764', '2419880', '2322015', '2535806', '152654661', '1712423']",d61031326150ba23f90e6587c13d99188209250e,6,True
183,418,9810,4a6235431acb08bd0007ad5c2f4125c97fa036c2,"The physics of brain network structure, function and control",244,"['Christopher W. Lynn', 'D. Bassett']","['2264281', '40900237']",d61031326150ba23f90e6587c13d99188209250e,2,True
184,419,5393,0a69c8815536a657668e089e3281ff2e963d947a,Design Space for Graph Neural Networks,243,"['Jiaxuan You', 'Rex Ying', 'J. Leskovec']","['83539859', '1702139', '145829303']",d61031326150ba23f90e6587c13d99188209250e,3,True
185,423,5073,44b9f16ba417b90e2e7c42f9074378dd06415809,Identity-aware Graph Neural Networks,185,"['Jiaxuan You', 'Jonathan M. Gomes-Selman', 'Rex Ying', 'J. Leskovec']","['83539859', '1411288441', '1702139', '145829303']",d61031326150ba23f90e6587c13d99188209250e,4,True
186,424,6452,a7aaf9d1c177366f522010d305cad3d4441e2ab6,Finding key players in complex networks through deep reinforcement learning,183,"['Changjun Fan', 'Li Zeng', 'Yizhou Sun', 'Yang-Yu Liu']","['1729964', '2130185771', '2114138334', '2109461904']",d61031326150ba23f90e6587c13d99188209250e,4,True
187,428,5064,5ca0c0820f87ac0f6b55cc20cc91fd8d6f0451f8,Percolation on complex networks: Theory and application,162,"['Ming Li', 'Run-Ran Liu', 'Linyuan Lü', 'Maobin Hu', 'Shuqi Xu', 'Yi-Cheng Zhang']","['151093143', '50651315', '1921007', '145140737', '2111043815', '144650769']",d61031326150ba23f90e6587c13d99188209250e,6,True
188,429,6339,97b0cc3fd131690a5210bb03d359cf0d623b0d52,"The why, how, and when of representations for complex systems",162,"['Leo Torres', 'A. S. Blevins', 'D. Bassett', 'Tina Eliassi-Rad']","['2264281', '114088426', '51152784', '1397398770']",d61031326150ba23f90e6587c13d99188209250e,4,True
189,435,8266,50d5c11374c80fe642efeb8ceb0e0434171725f3,Explosive phenomena in complex networks,140,"['R. D’Souza', ""J. G'omez-Gardenes"", 'J. Nagler', 'A. Arenas']","['39397465', '1401971414', '1409238393', '116787621']",d61031326150ba23f90e6587c13d99188209250e,4,True
190,436,7231,2606e267b1653e3216f2dd26bc5cca806dad3252,Network geometry,138,"['M. Boguñá', 'I. Bonamassa', 'M. De Domenico', 'S. Havlin', 'D. Krioukov', 'M. Serrano']","['31637487', '2838790', '102314165', '8082533', '46617468', '40191926']",d61031326150ba23f90e6587c13d99188209250e,6,True
191,443,6900,a38e598e9f2744e749b4788c8222f576b5fcc171,"Computational network biology: Data, models, and applications",129,"['Chuang Liu', 'Yifang Ma', 'Jing Zhao', 'R. Nussinov', 'Yi-Cheng Zhang', 'F. Cheng', 'Zi-Ke Zhang']","['1557288804', '13041059', '152781160', '145140737', '2150659283', '1805230', '2146614211']",d61031326150ba23f90e6587c13d99188209250e,7,True
192,450,9744,2ff6e28e22422e0802325984747f41590beaedef,Delay causality network in air transport systems,114,"['Wenbo Du', 'Mingyuan Zhang', 'Yu Zhang', 'Xianbin Cao', 'Jun Zhang']","['2155081112', '3451599', '49050775', '2153638121', '40916581']",d61031326150ba23f90e6587c13d99188209250e,5,True
193,452,6108,ccbd7f5f7aaa7a50e35ff3de41f718861de790c4,Graph Structure of Neural Networks,112,"['Jiaxuan You', 'J. Leskovec', 'Kaiming He', 'Saining Xie']","['1817030', '39353098', '1702139', '145829303']",d61031326150ba23f90e6587c13d99188209250e,4,True
194,455,8365,e9d782ed5ab5ee4a60f56357099a9864369fefe8,Social and juristic challenges of artificial intelligence,104,"['M. Perc', 'M. Ozer', 'Janja Hojnik']","['73774143', '9758095', '145903537']",d61031326150ba23f90e6587c13d99188209250e,3,True
195,457,9739,6b27b27407de7de600290203f3da7bd0ccec0186,Improved centrality indicators to characterize the nodal spreading capability in complex networks,102,"['Juan Wang', 'C. Li', 'Cheng-yi Xia']","['46584912', '46651287', '6640191']",d61031326150ba23f90e6587c13d99188209250e,3,True
196,460,3972,ef77b53c24c5fd223034b25d72e6cd2310cb96ad,The synchronized dynamics of time-varying networks,100,"['D. Ghosh', 'M. Frasca', 'A. Rizzo', 'S. Majhi', 'Sarbendu Rakshit', 'K. Alfaro-Bittner', 'S. Boccaletti']","['1766733', '1422382352', '40479967', '144641844', '49028974', '1928935', '10031608']",d61031326150ba23f90e6587c13d99188209250e,7,True
197,466,9840,85e50bd78da03c7d5d28e8597e66b866f34607d4,A comparative analysis of approaches to network-dismantling,93,"['S. Wandelt', 'Xiaoqian Sun', 'Daozhong Feng', 'M. Zanin', 'S. Havlin']","['2648466', '1800889', '1664692696', '1680551', '40191926']",d61031326150ba23f90e6587c13d99188209250e,5,True
198,467,5792,1a0a20fdf231073c6f3e3be1ce6aef091ff6cf80,Statistical physics approaches to the complex Earth system,92,"['Jingfang Fan', 'Jun Meng', 'J. Ludescher', 'Xiaosong Chen', 'Y. Ashkenazy', 'J. Kurths', 'S. Havlin', 'H. Schellnhuber']","['46772196', '1628831586', '143842718', '92187834', '48203655', '7588440', '40191926', '5575644']",d61031326150ba23f90e6587c13d99188209250e,8,True
199,470,6802,ed4b4d01108ccc550a8f9c4c68c27f92d50d46a2,Data-driven control of complex networks,90,"['Giacomo Baggio', 'D. Bassett', 'F. Pasqualetti']","['2264281', '38807901', '2476273']",d61031326150ba23f90e6587c13d99188209250e,3,True
200,476,8536,6e99dea30479d80e62ece70647d2a66ce03f6083,Evolutionary dynamics with game transitions,88,"['Qi Su', 'Alex McAvoy', 'Long Wang', 'M. Nowak']","['2776502', '3280123', '2019709018', '2054084758']",d61031326150ba23f90e6587c13d99188209250e,4,True
201,478,9509,f563a49b548d99ebcd68c428989718c036925ec2,Modelling opinion dynamics in the age of algorithmic personalisation,87,"['N. Perra', 'L. E. C. Rocha']","['1826736', '2056618696']",d61031326150ba23f90e6587c13d99188209250e,2,True
202,486,7157,313affc91ad6a4ba2b0d1edf2c205bade6168ac3,Charting the Landscape of Online Cryptocurrency Manipulation,78,"['Leonardo Nizzoli', 'S. Tardelli', 'M. Avvenuti', 'S. Cresci', 'Maurizio Tesconi', 'Emilio Ferrara']","['1684081', '40598011', '41017909', '2704289', '48898287', '46206525']",d61031326150ba23f90e6587c13d99188209250e,6,True
203,491,7103,5e8258d59eb43fb16a6eda705835aec72af64264,Influential Nodes Identification in Complex Networks via Information Entropy,76,"['Chun Guo', 'Liangwei Yang', 'Xiao Chen', 'Duanbing Chen', 'Hui Gao', 'Jing Ma']","['2400681', '120378195', '2117026698', '2108258423', '143667867', '2157405427']",d61031326150ba23f90e6587c13d99188209250e,6,True
204,492,6362,eb06ea88f3c7b342c7b20c8cd4cdcb39d52c4516,Identifying critical nodes in complex networks via graph convolutional networks,76,"['Enyu Yu', 'Yuelong Wang', 'Yan Fu', 'Duanbing Chen', 'Mei Xie']","['2112817178', '2400681', '49978782', '120668136', '2108700344']",d61031326150ba23f90e6587c13d99188209250e,5,True
206,495,5963,5488062f2accd59512dc2fda73002db3a20f17d4,Hypergraph reconstruction from network data,74,"['Jean-Gabriel Young', 'G. Petri', 'Tiago P. Peixoto']","['2232853', '118400138', '2101664']",d61031326150ba23f90e6587c13d99188209250e,3,True
207,497,7696,f5407a73f8b4d7ba5478abe78caf90ecbde15678,Universal behavior of cascading failures in interdependent networks,74,"['Dongli Duan', 'Dongli Duan', 'Changchun Lv', 'Shubin Si', 'Zhen Wang', 'Daqing Li', 'Jianxi Gao', 'S. Havlin', 'H. Stanley', 'S. Boccaletti']","['103679503', '2118454525', '2255501210', '2893239', '11549943', '2249891404', '1928935', '40191926', '2713727']",d61031326150ba23f90e6587c13d99188209250e,10,False
208,499,9409,19dc37720215f1bca8350366d014b2dbe0c671f8,Spatial Embedding Imposes Constraints on Neuronal Network Architectures,73,"['J. Stiso', 'D. Bassett']","['2264281', '8792576']",d61031326150ba23f90e6587c13d99188209250e,2,True
209,501,6748,f85ba28dbf1c08c9da32a982366a90fe65ae194a,Finding influential nodes in social networks based on neighborhood correlation coefficient,73,"['A. Zareie', 'Amir Sheikhahmadi', 'M. Jalili', 'M. S. K. Fasaei']","['40190298', '145483397', '5105976', '9219493']",d61031326150ba23f90e6587c13d99188209250e,4,True
213,515,1489,9069c188cf811d6fb08eaf2a07034c71c4b65e0b,Signal propagation in complex networks,66,"['Peng Ji', 'Jiachen Ye', 'Yu Mu', 'Wei Lin', 'Yang Tian', 'C. Hens', 'M. Perc', 'Yang Tang', 'Jie Sun', 'Jürgen Kurths']","['2213659116', '2111284235', '2054507103', '73774143', '2197245721', '6629119', '2160703568', '1781256654', '143652225', '2115469523']",d61031326150ba23f90e6587c13d99188209250e,10,True
216,535,7853,58b3420287ed4ff3129c0d4b4712219f167fa16c,Social goods dilemmas in heterogeneous societies,60,"['Alex McAvoy', 'Benjamin Allen', 'M. Nowak']","['144441589', '3280123', '2776502']",d61031326150ba23f90e6587c13d99188209250e,3,True
217,546,6147,795c0caf0f5a3da4551f1b39e40e58bd8aa34888,Redundancy-Free Computation for Graph Neural Networks,57,"['Zhihao Jia', 'Sina Lin', 'Rex Ying', 'Jiaxuan You', 'J. Leskovec', 'Alexander Aiken']","['2157139208', '3349220', '1702139', '83539859', '2072782550', '145829303']",d61031326150ba23f90e6587c13d99188209250e,6,True
218,548,7318,7afbafca77e501108d0495de79df49623218dd1a,Evolution of domestic airport networks: a review and comparative analysis,57,"['S. Wandelt', 'Xiaoqian Sun', 'Jun Zhang']","['1680551', '49050775', '2648466']",d61031326150ba23f90e6587c13d99188209250e,3,True
219,549,8753,50ecd501049cc9b6933469a9b5019f8e66e9be22,Spatial reciprocity in the evolution of cooperation,56,"['Qi Su', 'Qi Su', 'Aming Li', 'Aming Li', 'Aming Li', 'Long Wang', 'H. Stanley']","['2249891404', '5803950', '2019709018', '2054084758']",d61031326150ba23f90e6587c13d99188209250e,7,False
220,550,5128,6c8d45418608be07fe883e3b7c24343e7c0044eb,Machine learning dismantling and early-warning signals of disintegration in complex systems,56,"['Marco Grassia', 'M. Domenico', 'G. Mangioni']","['1388016390', '3015736', '8311574']",d61031326150ba23f90e6587c13d99188209250e,3,True
221,553,7882,70a5185748a7d8c40408e8fe20f1c67e985a03d3,How humans learn and represent networks,56,"['Christopher W. Lynn', 'D. Bassett']","['2264281', '40900237']",d61031326150ba23f90e6587c13d99188209250e,2,True
223,555,9823,fe200ecf3c6713a24846ba3bfc4672ba40aa5b6c,Synchronization in a temporal multiplex neuronal hypernetwork,55,"['Sarbendu Rakshit', 'B. Bera', 'D. Ghosh']","['10031608', '49028974', '35127529']",d61031326150ba23f90e6587c13d99188209250e,3,True
224,559,8196,56c9e12935c45f795a931bd24d019cffd83ceada,Message passing on networks with loops,55,"['George T. Cantwell', 'M. Newman']","['152618356', '39777698']",d61031326150ba23f90e6587c13d99188209250e,2,True
225,564,3255,19bd7db20806dc305ba78fbd86d3686e664ce506,Networks behind the morphology and structural design of living systems.,54,"['M. Gosak', 'M. Milojević', 'Maja Duh', 'Kristijan Skok', 'M. Perc']","['2600771', '11999169', '73774143', '147454473', '92459324']",d61031326150ba23f90e6587c13d99188209250e,5,True
226,570,5493,079afe8b32cd8100ff206d1f1af37ef8bd98845a,Synchronization Analysis for Stochastic Delayed Multilayer Network With Additive Couplings,53,"['J. Zhuang', 'Jinde Cao', 'Longkun Tang', 'Yonghui Xia', 'M. Perc']","['34767970', '73774143', '3047512', '46251933', '145826135']",d61031326150ba23f90e6587c13d99188209250e,5,True
227,573,8998,7e511f4f263dfe6695b0d39c5c5e14d64f7527e5,Stability and Hopf bifurcation of controlled complex networks model with two delays,52,"['Jinde Cao', 'L. Guerrini', 'Zunshui Cheng']","['35803933', '34767970', '38499056']",d61031326150ba23f90e6587c13d99188209250e,3,True
228,579,9088,521928ae9b01247b985c70964113e7153171a190,The Local Closure Coefficient: A New Perspective On Network Clustering,52,"['Hao Yin', 'Austin R. Benson', 'J. Leskovec']","['3245681', '2113971167', '1702139']",d61031326150ba23f90e6587c13d99188209250e,3,True
229,587,7178,87baa21584ca62ca49595f2de61baa31343e08ce,Characterizing cycle structure in complex networks,49,"['Tianlong Fan', 'Linyuan Lü', 'D. Shi', 'Tao Zhou']","['2267331369', '145715474', '1831208', '48057549']",d61031326150ba23f90e6587c13d99188209250e,4,True
230,588,4291,ae3f48d9a19c15fac498cbb80b3d6a702deb7a8b,A weighted network community detection algorithm based on deep learning,49,"['Shudong Li', 'La-Lin Jiang', 'Xiaobo Wu', 'Weihong Han', 'Dawei Zhao', 'Zhen Wang']","['2118454525', '1390869501', '144927645', '2655238', '2087524383', '1793291']",d61031326150ba23f90e6587c13d99188209250e,6,True
231,593,9138,bfd26ac2081e4be8ecadcb9e7d6a35c27ff8185f,EHC: Extended H-index Centrality measure for identification of users’ spreading influence in complex networks,48,"['A. Zareie', 'Amir Sheikhahmadi']","['40190298', '5105976']",d61031326150ba23f90e6587c13d99188209250e,2,True
